<?xml version='1.0' encoding='UTF-8'?>
<!-- Generated by LavishSettings v2 -->
<InnerSpaceSettings>
    <Set Name="Disabled">
        <Setting Name="Chilling Claws"></Setting>
        <Setting Name="Feral Stance"></Setting>
        <Setting Name="Pathfinding"></Setting>
        <Setting Name="Savage Ruin"></Setting>
        <Setting Name="Spiritual Stance"></Setting>
        <Setting Name="Warder's Ferocity"></Setting>
        <Setting Name="Callous Ferocity"></Setting>
        <Setting Name="Hawk Eyes"></Setting>
    </Set>
</InnerSpaceSettings>
