<?xml version='1.0' encoding='UTF-8'?>
<!-- Generated by LavishSettings v2 -->
<InnerSpaceSettings>
    <Set Name="Disabled">
        <Setting Name="Bria's Inspiring Ballad"></Setting>
        <Setting Name="Dead Calm"></Setting>
        <Setting Name="Death's Door"></Setting>
        <Setting Name="Harl's Rousing Tune"></Setting>
        <Setting Name="Hyran's Seething Sonata"></Setting>
        <Setting Name="Jael's Mysterious Mettle"></Setting>
        <Setting Name="Noxious Symphony"></Setting>
        <Setting Name="Percussion of Stone"></Setting>
        <Setting Name="Riana's Relentless Tune"></Setting>
        <Setting Name="Songster's Luck"></Setting>
    </Set>
</InnerSpaceSettings>
