<?xml version='1.0' encoding='UTF-8'?>
<!-- Generated by LavishSettings v2 -->
<InnerSpaceSettings>
    <Set Name="Disabled">
        <Setting Name="Subtle Strikes"></Setting>
        <Setting Name="Reckless Aide"></Setting>
        <Setting Name="Rescue"></Setting>
        <Setting Name="Intercept"></Setting>
        <Setting Name="Crusade"></Setting>
 	<Setting Name="Blessed Weapon"></Setting>
        <Setting Name="Lay on Hands"></Setting>
        <Setting Name="Amends"></Setting>
        <Setting Name="Devout Sacrament"></Setting>
        <Setting Name="Sigil of Heroism"></Setting>
        <Setting Name="Resolute Faith"></Setting>
        <Setting Name="Wrath Stance"></Setting>
    </Set>
</InnerSpaceSettings>