<?xml version='1.0' encoding='UTF-8'?>
<!-- Generated by LavishSettings v2 -->
<InnerSpaceSettings>
    <Set Name="Disabled">
        <Setting Name="Aria of Magic"></Setting>
        <Setting Name="Bria's Inspiring Ballad"></Setting>
        <Setting Name="Daelis' Dance of Blades"></Setting>
        <Setting Name="Elemental Concerto"></Setting>
        <Setting Name="Graceful Avoidance"></Setting>
        <Setting Name="Pathfinding"></Setting>
        <Setting Name="Raxxyl's Rousing Tune"></Setting>
        <Setting Name="Rejuvenating Celebration"></Setting>
        <Setting Name="Requiem of Reflection"></Setting>
        <Setting Name="Song of Magic"></Setting>
        <Setting Name="Ceremonial Blade"></Setting>
 	<Setting Name="Escape"></Setting>
    </Set>
</InnerSpaceSettings>
